ok_3d,blocks,g_diag,g_off,eps,phase_pi,beta,rel_cut,tol_rel_blocks,seesaw_M,theta12,theta13,theta23,ue3,um3,ut3,m_light,dm21,dm31,score,note
True,"[[0, 1, 2]]",0.892,1.0,0.01,0.06,1.5,0.15,0.03,1000000.0,33.05549867137138,10.668542700821497,47.00933030611608,0.1851271001409739,0.7188210803103193,0.6700926885847984,7.756610039432e-08;8.248229774614e-08;9.602963686065e-08,7.868295110999935e-16,3.205191225205706e-15,16.992696159869094,
True,"[[0, 1, 2]]",0.892,1.0,0.01,0.0625,1.5,0.15,0.03,1000000.0,32.55064205556863,10.610863281938864,47.57942786416376,0.18413771188421205,0.7255900736720532,0.6630326900315966,7.756108043893e-08;8.260432876362e-08;9.648197989855e-08,8.077539316347784e-16,3.293051246290364e-15,19.50557044014292,
True,"[[0, 1, 2]]",0.892,1.0,0.01,0.065,1.5,0.15,0.03,1000000.0,34.430500211439444,11.193686925733335,46.42344764804108,0.19412626454512907,0.7106724055958588,0.6762098234558958,7.743168212354e-08;8.222118391995e-08;9.626525659318e-08,7.646576887166185e-16,3.271334230470633e-15,23.26976949865055,
True,"[[0, 1, 2]]",0.892,1.0,0.01,0.0675,1.5,0.15,0.03,1000000.0,33.40069937717772,11.00659296837252,47.07608377507024,0.19092194897690634,0.718788953634076,0.6684992517066818,7.746038028641e-08;8.241930682812e-08;9.689173976460e-08,7.9283162391244205e-16,3.38789872049436e-15,21.685193476498497,
True,"[[0, 1, 2]]",0.892,1.0,0.01,0.07,1.5,0.15,0.03,1000000.0,35.56717489531432,10.998926904068881,47.09819872466841,0.19079061039142425,0.7190656323627989,0.6682391483152259,7.731108606909e-08;8.214943948498e-08;9.736741514631e-08,7.715263785138523e-16,3.503409503091522e-15,26.36363578827728,
True,"[[0, 1, 2]]",0.892,1.0,0.01,0.0725,1.5,0.15,0.03,1000000.0,36.10773242636024,11.23237950743792,46.955070373913195,0.19478868639474234,0.7168200115127558,0.6694971536514298,7.724481265942e-08;8.205754290964e-08;9.747658730370e-08,7.666792655777974e-16,3.5349239895865654e-15,31.942380673253133,
True,"[[0, 1, 2]]",0.892,1.0,0.01,0.075,1.5,0.15,0.03,1000000.0,36.75137371515129,11.475521296490689,46.46612774968263,0.1989492591100761,0.7104750540535232,0.6750143627117113,7.718443255476e-08;8.192064803724e-08;9.763409509033e-08,7.535559460406396e-16,3.574979895306069e-15,38.187104536710876,
True,"[[0, 1, 2]]",0.892,1.0,0.01,0.0775,1.5,0.15,0.03,1000000.0,37.98875030793832,11.543579835304271,46.61042582941226,0.20011321878589045,0.712000570172977,0.6730600922209018,7.707194799667e-08;8.179171647323e-08;9.794724492788e-08,7.497997156349736e-16,3.6535776209604864e-15,49.64408748107195,
True,"[[0, 1, 2]]",0.892,1.0,0.01,0.08,1.5,0.15,0.03,1000000.0,38.348817857383885,11.607105216679946,47.021608711229774,0.20119939616310825,0.7166496427619913,0.6677814706268903,7.700076502042e-08;8.178456480654e-08;9.821246309868e-08,7.59597226866555e-16,3.716570094179507e-15,,outside_angle_window
True,"[[0, 1, 2]]",0.892,1.0,0.01,0.0825,1.5,0.15,0.03,1000000.0,38.00967301071665,11.617678062336362,47.091705384470885,0.20138015010276827,0.7174388758778146,0.6668789204373358,7.699429437298e-08;8.182307766397e-08;9.863033747235e-08,7.668946724106344e-16,3.799822103915748e-15,,outside_angle_window
True,"[[0, 1, 2]]",0.892,1.0,0.01,0.085,1.5,0.15,0.03,1000000.0,40.113708963115315,12.037572019371261,46.149370374848054,0.20855307168405057,0.7052910378081795,0.6775471705191519,7.684170256338e-08;8.148669730366e-08;9.855948669717e-08,7.354345846200287e-16,3.80932516517176e-15,,outside_angle_window
True,"[[0, 1, 2]]",0.892,1.0,0.011,0.06,1.5,0.15,0.03,1000000.0,32.80633316492911,10.763763347876022,47.43312696189958,0.18676003067080849,0.7235302195154167,0.66454850266306,7.755949597036e-08;8.256254044998e-08;9.579516330962e-08,8.010976703779811e-16,3.161237898340981e-15,20.318162600620738,
True,"[[0, 1, 2]]",0.892,1.0,0.011,0.0625,1.5,0.15,0.03,1000000.0,34.21062200282035,10.912022029983858,46.87712004827854,0.18930147733662728,0.7166922471764064,0.671205760937216,7.746585315005e-08;8.231956858700e-08;9.614786920381e-08,7.755529680848879e-16,3.2434543481668997e-15,20.217025308497753,
True,"[[0, 1, 2]]",0.892,1.0,0.011,0.065,1.5,0.15,0.03,1000000.0,33.3929382930064,11.0295603453536,47.15682826611611,0.19131541631196175,0.7196741543178826,0.6674335345846242,7.747541660942e-08;8.244153419137e-08;9.637425758865e-08,7.941663810228914e-16,3.2855573469599795e-15,22.360248452367195,
True,"[[0, 1, 2]]",0.892,1.0,0.011,0.0675,1.5,0.15,0.03,1000000.0,37.14599138953976,11.22501994376557,46.401146500133095,0.19466269657414936,0.7103321653607962,0.6764130760239839,7.724404673074e-08;8.191224271329e-08;9.667951651380e-08,7.429727509815203e-16,3.3802861580010977e-15,36.66785212084225,
True,"[[0, 1, 2]]",0.892,1.0,0.011,0.07,1.5,0.15,0.03,1000000.0,35.44382458522662,11.186141349912871,46.88685790247176,0.1939970730158826,0.7161369665830389,0.6704572922673127,7.731015750264e-08;8.214565857572e-08;9.710477956038e-08,7.710487697559343e-16,3.4524777603876092e-15,27.80183292448442,
True,"[[0, 1, 2]]",0.892,1.0,0.011,0.0725,1.5,0.15,0.03,1000000.0,37.01885369456146,11.370900994871155,46.41825314962019,0.19715946120714023,0.7101727545517715,0.6758570895897754,7.719664392408e-08;8.190837787952e-08;9.735813923067e-08,7.496605337131623e-16,3.5192854413166882e-15,38.14122102918259,
True,"[[0, 1, 2]]",0.892,1.0,0.011,0.075,1.5,0.15,0.03,1000000.0,37.926681991964614,11.415080075171636,46.66628841609168,0.19791533792629074,0.7129811085211266,0.6726718798235968,7.710274980298e-08;8.182632975415e-08;9.769247447909e-08,7.507142138536999e-16,3.598985542666195e-15,47.04139443086309,
True,"[[0, 1, 2]]",0.892,1.0,0.011,0.0775,1.5,0.15,0.03,1000000.0,39.375625889909635,11.597725003612988,46.54564628242201,0.20103902579880603,0.7111015462387102,0.6737342955814891,7.697614077891e-08;8.165055445464e-08;9.787168249745e-08,7.414867935355641e-16,3.6535399856668066e-15,,outside_angle_window
True,"[[0, 1, 2]]",0.892,1.0,0.011,0.08,1.5,0.15,0.03,1000000.0,43.21452222229826,12.106089237873848,45.67385337180038,0.2097224778331589,0.6994647067416673,0.6832024636330104,7.668795763913e-08;8.118807985492e-08;9.767108965849e-08,7.104614636677952e-16,3.658598908216904e-15,,outside_angle_window
True,"[[0, 1, 2]]",0.892,1.0,0.011,0.0825,1.5,0.15,0.03,1000000.0,41.29840929438579,11.982469558339627,45.86348028267082,0.20761240321029054,0.7020451195834313,0.6811972842739722,7.680036571222e-08;8.136981502482e-08;9.826491238936e-08,7.227506236425085e-16,3.757696833357849e-15,,outside_angle_window
True,"[[0, 1, 2]]",0.892,1.0,0.011,0.085,1.5,0.15,0.03,1000000.0,42.125065128002994,12.089713958637056,45.85516456684291,0.20944302270888884,0.7016661622670917,0.6810273246851675,7.670812811648e-08;8.128064799981e-08;9.852816294856e-08,7.224068201359874e-16,3.823661974883611e-15,,outside_angle_window
True,"[[0, 1, 2]]",0.892,1.0,0.012,0.06,1.5,0.15,0.03,1000000.0,32.52911550233182,11.085980229703061,46.36707367250691,0.19228184713234128,0.7102696006447146,0.6771593502738307,7.758209374185e-08;8.249853006346e-08;9.552444959857e-08,7.870261932616412e-16,3.105939201739389e-15,21.16762334176375,
True,"[[0, 1, 2]]",0.892,1.0,0.012,0.0625,1.5,0.15,0.03,1000000.0,33.856217453031825,10.961821795419471,46.76244010395279,0.1901548601502125,0.7152272282570995,0.6725259408534537,7.748353175245e-08;8.236306684293e-08;9.609453184034e-08,7.799770869400885e-16,3.230461356782103e-15,20.048936064427338,
True,"[[0, 1, 2]]",0.892,1.0,0.012,0.065,1.5,0.15,0.03,1000000.0,34.745154741716604,11.448824695300686,46.10681278774411,0.19849260824976378,0.7062946666539444,0.6795208078685329,7.740100187483e-08;8.216446567014e-08;9.594569814589e-08,7.60084327631477e-16,3.2146619014746316e-15,27.38188225994171,
True,"[[0, 1, 2]]",0.892,1.0,0.012,0.0675,1.5,0.15,0.03,1000000.0,35.37371452657301,11.143798674814768,47.028312680273835,0.19327204081667132,0.7178947466280609,0.6687847568555184,7.733111394872e-08;8.218443649070e-08;9.668312426204e-08,7.741804167427304e-16,3.3675253325180414e-15,27.422336455333074,
True,"[[0, 1, 2]]",0.892,1.0,0.012,0.07,1.5,0.15,0.03,1000000.0,37.172876546435056,11.408158887230458,46.19856769836734,0.19779692844632274,0.707483463708736,0.6784862000628994,7.721201387014e-08;8.188639210651e-08;9.688831263725e-08,7.436861263381021e-16,3.4256500398110394e-15,39.32843097000354,
True,"[[0, 1, 2]]",0.892,1.0,0.012,0.0725,1.5,0.15,0.03,1000000.0,35.27354126809146,11.278536826150365,47.21398335283368,0.19557878925925892,0.7197226649608601,0.6661442957298538,7.727626799589e-08;8.220072166395e-08;9.734957107575e-08,7.853370467016945e-16,3.505317393260029e-15,29.93555775699745,
True,"[[0, 1, 2]]",0.892,1.0,0.012,0.075,1.5,0.15,0.03,1000000.0,38.157428507129836,11.664067079413083,46.224626722126935,0.20217313811116724,0.7071470184222598,0.6775463943987103,7.708503514212e-08;8.175833987480e-08;9.737921533665e-08,7.423234962204877e-16,3.540608936718775e-15,,outside_angle_window
True,"[[0, 1, 2]]",0.892,1.0,0.012,0.0775,1.5,0.15,0.03,1000000.0,37.9270227139159,11.668334986626549,46.85023376331033,0.20224608836949912,0.7144917920424807,0.6697745880839792,7.704852765096e-08;8.183482952120e-08;9.769770833693e-08,7.604637095834513e-16,3.608366601106849e-15,52.161338401673675,
True,"[[0, 1, 2]]",0.892,1.0,0.012,0.08,1.5,0.15,0.03,1000000.0,40.90696138239285,11.9561489942757,45.82391519391121,0.20716301018035713,0.7016428852350003,0.6817483031236817,7.685190259253e-08;8.142130483919e-08;9.787713457363e-08,7.2321394962397e-16,3.673718540251538e-15,,outside_angle_window
True,"[[0, 1, 2]]",0.892,1.0,0.012,0.0825,1.5,0.15,0.03,1000000.0,42.74955310711418,12.061077646960669,46.17917722367392,0.20895428373735295,0.7055816301736167,0.6771208684343246,7.666705356348e-08;8.127313594067e-08;9.808023416998e-08,7.274855235243555e-16,3.74189523273161e-15,,outside_angle_window
True,"[[0, 1, 2]]",0.892,1.0,0.012,0.085,1.5,0.15,0.03,1000000.0,43.553838568270166,12.275773786969838,45.498157481345025,0.21261724581662478,0.6969203537231703,0.6849057799052549,7.660435275936e-08;8.112408791092e-08;9.829654239761e-08,7.128907776990074e-16,3.793983385644365e-15,,outside_angle_window
True,"[[0, 1, 2]]",0.892,1.0,0.013,0.06,1.5,0.15,0.03,1000000.0,32.087522311025744,10.937293784074754,46.718454568824185,0.18973455914868143,0.7147699207761045,0.6731305649116539,7.760292167437e-08;8.261138712280e-08;9.567746049453e-08,8.024278299540602e-16,3.131962994283655e-15,21.06451048839137,
True,"[[0, 1, 2]]",0.892,1.0,0.013,0.0625,1.5,0.15,0.03,1000000.0,35.15725483840811,11.072873826979535,46.678968611283,0.192057360754515,0.71397722009501,0.6733130767817573,7.740045761591e-08;8.220204160070e-08;9.594236321612e-08,7.663448041710536e-16,3.2141062203421554e-15,24.252195057263503,
True,"[[0, 1, 2]]",0.892,1.0,0.013,0.065,1.5,0.15,0.03,1000000.0,34.14434046453994,10.982743545042316,47.1080787511146,0.19051333833141523,0.7192203049086149,0.6681517948227652,7.743056542315e-08;8.236574179499e-08;9.645778251716e-08,7.886229596908888e-16,3.3086113463805386e-15,22.030439152374893,
True,"[[0, 1, 2]]",0.892,1.0,0.013,0.0675,1.5,0.15,0.03,1000000.0,37.67220607560926,11.296269066716976,46.42126343512837,0.1958822890738088,0.7103937037327217,0.6759962385428009,7.719826638609e-08;8.187549237635e-08;9.656568378361e-08,7.44023918852111e-16,3.3653589515772612e-15,42.08133514491007,
True,"[[0, 1, 2]]",0.892,1.0,0.013,0.07,1.5,0.15,0.03,1000000.0,35.85796627344236,11.402173246188708,46.355831796905505,0.1976945222180872,0.7093580383975928,0.6765560207740262,7.728319676195e-08;8.205845960899e-08;9.686760584097e-08,7.608982916542876e-16,3.4106405596155932e-15,31.43640276784742,
True,"[[0, 1, 2]]",0.892,1.0,0.013,0.0725,1.5,0.15,0.03,1000000.0,39.9204770612258,11.90716998180146,45.500129902946284,0.20632663419039246,0.6979051176281561,0.685826338668906,7.700438991554e-08;8.152398541396e-08;9.670517872685e-08,7.164841315122e-16,3.422215526328213e-15,,outside_angle_window
True,"[[0, 1, 2]]",0.892,1.0,0.013,0.075,1.5,0.15,0.03,1000000.0,38.36308979331671,11.577341622028522,46.43587854714,0.2006905193730576,0.7098612757240337,0.6751446398077406,7.706522056003e-08;8.177117283848e-08;9.747579423286e-08,7.474764874139364e-16,3.562482241361094e-15,,outside_angle_window
True,"[[0, 1, 2]]",0.892,1.0,0.013,0.0775,1.5,0.15,0.03,1000000.0,38.676320369709636,11.907306455159636,46.23594376413595,0.20632896484811547,0.7066546085638533,0.6768069314509674,7.700551627507e-08;8.169547223424e-08;9.743977518318e-08,7.443006467858539e-16,3.564660250958939e-15,,outside_angle_window
True,"[[0, 1, 2]]",0.892,1.0,0.013,0.08,1.5,0.15,0.03,1000000.0,40.27102826665613,11.762727547021422,46.528442915276656,0.20385922892677527,0.7104761141449228,0.6735466620886886,7.687042755304e-08;8.156590548849e-08;9.805084380110e-08,7.439343059692587e-16,3.704905337919774e-15,,outside_angle_window
True,"[[0, 1, 2]]",0.892,1.0,0.013,0.0825,1.5,0.15,0.03,1000000.0,40.80783921540696,12.0358524958919,45.95802134829615,0.20852372016181134,0.7030288233157962,0.6799031781930341,7.681619505295e-08;8.144003635928e-08;9.815924339257e-08,7.3175169978906e-16,3.7345092409902975e-15,,outside_angle_window
True,"[[0, 1, 2]]",0.892,1.0,0.013,0.085,1.5,0.15,0.03,1000000.0,44.121119916051704,12.246949801341264,45.465647691009636,0.21212564797140368,0.6966077816998585,0.6853760339753758,7.656031020700e-08;8.108605130574e-08;9.834550158497e-08,7.134666173649923e-16,3.8103565830080454e-15,,outside_angle_window
True,"[[0, 1, 2]]",0.8935,1.0,0.01,0.06,1.5,0.15,0.03,1000000.0,28.987890650899356,10.024151204987021,47.865062915004316,0.1740632764670469,0.7302464869472411,0.660637604202692,7.713138379573e-08;8.254720888642e-08;9.624621024630e-08,8.647913286946255e-16,3.3140826205319367e-15,33.75991437935228,
True,"[[0, 1, 2]]",0.8935,1.0,0.01,0.0625,1.5,0.15,0.03,1000000.0,28.89080312070629,10.331127211696492,47.11617111476526,0.17933670622184475,0.7208557160437656,0.6694814280085989,7.711645771636e-08;8.247174564147e-08;9.637332697028e-08,8.54640778431959e-16,3.3408701006010593e-15,33.801440952427164,
True,"[[0, 1, 2]]",0.8935,1.0,0.01,0.065,1.5,0.15,0.03,1000000.0,29.29622073609972,10.342585746986327,47.50689235016667,0.17953344952894754,0.7253779021944832,0.6645258757249953,7.706556691204e-08;8.244683410030e-08;9.676252973646e-08,8.583788496871265e-16,3.423885557525575e-15,32.23532875894179,
True,"[[0, 1, 2]]",0.8935,1.0,0.01,0.0675,1.5,0.15,0.03,1000000.0,30.07683196476379,10.650167363981245,46.67717909336451,0.1848119241042041,0.7149675639653741,0.674289207377831,7.700681102738e-08;8.221444553441e-08;9.688946445120e-08,8.291661099233629e-16,3.4575193770337792e-15,26.46593416263609,
True,"[[0, 1, 2]]",0.8935,1.0,0.01,0.07,1.5,0.15,0.03,1000000.0,30.843129557501793,10.782197463249387,46.702577639524314,0.18707609624336585,0.7149545473620518,0.6736783575420615,7.693648881710e-08;8.209176394910e-08;9.713569483065e-08,8.19834396771891e-16,3.5161198987300476e-15,23.72231438416534,
True,"[[0, 1, 2]]",0.8935,1.0,0.01,0.0725,1.5,0.15,0.03,1000000.0,32.93880883724672,11.16231843854517,45.85510317543788,0.19358916711790863,0.704006060410231,0.6832998619055644,7.680254318028e-08;8.168227135418e-08;9.712870018164e-08,7.733628146191308e-16,3.5353537600164638e-15,20.640326070771366,
True,"[[0, 1, 2]]",0.8935,1.0,0.01,0.075,1.5,0.15,0.03,1000000.0,32.0464944684198,11.00201203133572,46.5406250680654,0.19084346664002363,0.7125212621126337,0.6751979134136454,7.681941656412e-08;8.188306440415e-08;9.773524555668e-08,8.036134749627648e-16,3.650955462772581e-15,21.51448822041439,
True,"[[0, 1, 2]]",0.8935,1.0,0.01,0.0775,1.5,0.15,0.03,1000000.0,34.21537731075029,11.022040481926435,46.37163557968912,0.19118659259151513,0.7104783902534036,0.6772504291590228,7.667965398881e-08;8.157242567253e-08;9.820450659755e-08,7.74291294256329e-16,3.76435578022503e-15,20.145064610626807,
True,"[[0, 1, 2]]",0.8935,1.0,0.01,0.08,1.5,0.15,0.03,1000000.0,35.378262604427825,11.32360856724697,45.871062613862506,0.1963501871508169,0.7038024130677405,0.6827215884720267,7.658705107190e-08;8.135710648929e-08;9.823529994829e-08,7.53402384420429e-16,3.78459776403981e-15,26.926403892089823,
True,"[[0, 1, 2]]",0.8935,1.0,0.01,0.0825,1.5,0.15,0.03,1000000.0,37.81009662594428,11.292937588877194,46.33069605270297,0.1958252699093391,0.709332507430054,0.67712617551519,7.639681862656e-08;8.112968766146e-08;9.866033844368e-08,7.455523237865095e-16,3.897388485562418e-15,42.97544280760758,
True,"[[0, 1, 2]]",0.8935,1.0,0.01,0.085,1.5,0.15,0.03,1000000.0,36.23222647438818,11.5115071146364,46.43997089629672,0.1995647355700224,0.7100761317834441,0.6752523997648797,7.645039867949e-08;8.129915832496e-08;9.870717117161e-08,7.648896860939771e-16,3.898442182450053e-15,35.525644020142,
True,"[[0, 1, 2]]",0.8935,1.0,0.011,0.06,1.5,0.15,0.03,1000000.0,29.31297000233731,10.101354821162344,47.282167945464344,0.17539000569381455,0.7233148825456667,0.6678726874117374,7.712121313281e-08;8.244223584833e-08;9.624008033147e-08,8.490407365962947e-16,3.314471547132721e-15,28.67430363018188,
True,"[[0, 1, 2]]",0.8935,1.0,0.011,0.0625,1.5,0.15,0.03,1000000.0,28.38102402116283,10.265670197007031,47.46192690608996,0.17821267053372522,0.7250330927819169,0.6652572873950575,7.713645556251e-08;8.261506689223e-08;9.641257492143e-08,8.752165008603655e-16,3.3453518262331792e-15,39.57457558266652,
True,"[[0, 1, 2]]",0.8935,1.0,0.011,0.065,1.5,0.15,0.03,1000000.0,31.32832814785773,10.642475245962428,46.08541926290922,0.18467998230415836,0.7079832571462895,0.6816546132291416,7.697476607277e-08;8.197921613985e-08;9.654328459630e-08,7.95477266945666e-16,3.3954911886831632e-15,17.985074630360828,
True,"[[0, 1, 2]]",0.8935,1.0,0.011,0.0675,1.5,0.15,0.03,1000000.0,31.863241775933858,10.562614562131552,46.9511728835609,0.1833099471833584,0.7183894283652241,0.6710544631224978,7.690588136240e-08;8.199362750007e-08;9.698443033272e-08,8.084403624939807e-16,3.4914651388350765e-15,17.72426921925075,
True,"[[0, 1, 2]]",0.8935,1.0,0.011,0.07,1.5,0.15,0.03,1000000.0,31.43312889223855,10.694960943856291,46.91515690832006,0.18558019571860598,0.7176563035493135,0.6712148843201278,7.690148055857e-08;8.204441842874e-08;9.724357115901e-08,8.174488832099438e-16,3.54247441965628e-15,20.702992006882518,
True,"[[0, 1, 2]]",0.8935,1.0,0.011,0.0725,1.5,0.15,0.03,1000000.0,33.722011854016124,10.732647353908266,47.00691039751032,0.18622648173735062,0.7186408279891725,0.6699813861941742,7.674574568916e-08;8.173433347052e-08;9.763815090534e-08,7.90591786485525e-16,3.6432990308288925e-15,17.775935186157717,
True,"[[0, 1, 2]]",0.8935,1.0,0.011,0.075,1.5,0.15,0.03,1000000.0,34.56897950475289,11.248438405164901,45.60483035577108,0.19506359066885126,0.7008059361333505,0.686164146160039,7.669011288791e-08;8.145198622424e-08;9.749528316113e-08,7.530526451129075e-16,3.6239568239087936e-15,22.7750107996517,
True,"[[0, 1, 2]]",0.8935,1.0,0.011,0.0775,1.5,0.15,0.03,1000000.0,33.315884684844576,11.31314404379977,46.39048329332603,0.19617109879584815,0.7099886429216467,0.6763379531856905,7.670620202248e-08;8.168673823241e-08;9.769076632420e-08,7.888817743368283e-16,3.659644396294598e-15,24.023970982481007,
True,"[[0, 1, 2]]",0.8935,1.0,0.011,0.08,1.5,0.15,0.03,1000000.0,35.59969814906107,11.321573314532145,46.354118292024275,0.19631535664032587,0.7095383440592157,0.6767685121640851,7.655076975540e-08;8.139284310056e-08;9.814387906048e-08,7.647745578475654e-16,3.7722006468935564e-15,28.8931922148979,
True,"[[0, 1, 2]]",0.8935,1.0,0.011,0.0825,1.5,0.15,0.03,1000000.0,37.29608498082297,11.610123754120151,45.50607309604443,0.2012510019410638,0.698729904011141,0.6864943957951891,7.643926748943e-08;8.109294832852e-08;9.826392170902e-08,7.331046542913986e-16,3.812836695316202e-15,42.61812320168949,
True,"[[0, 1, 2]]",0.8935,1.0,0.011,0.085,1.5,0.15,0.03,1000000.0,40.369057890890865,11.73370127961376,45.195716647188924,0.2033632374275107,0.6946915151530821,0.6899616601212117,7.622444901103e-08;8.074158796799e-08;9.855852328426e-08,7.09037400557211e-16,3.9036158849386275e-15,,outside_angle_window
True,"[[0, 1, 2]]",0.8935,1.0,0.012,0.06,1.5,0.15,0.03,1000000.0,29.751817942426605,10.509903930185528,46.30986905548977,0.18240548446650445,0.7109552055167829,0.6791692977343962,7.709510408038e-08;8.226606635458e-08;9.575680364438e-08,8.240506002919846e-16,3.2257103710238453e-15,25.968188335344486,
True,"[[0, 1, 2]]",0.8935,1.0,0.012,0.0625,1.5,0.15,0.03,1000000.0,29.418818889303925,10.477299781945081,46.97142050493749,0.1818459519512163,0.7188252613461135,0.6709860605180645,7.707909802177e-08;8.238918902490e-08;9.615635111247e-08,8.467911163312883e-16,3.30485650741632e-15,30.309065257324374,
True,"[[0, 1, 2]]",0.8935,1.0,0.012,0.065,1.5,0.15,0.03,1000000.0,30.25265313231427,10.58300712113647,46.82768510897718,0.1836598219041011,0.7168938313648907,0.672556543622189,7.701272450595e-08;8.223442325138e-08;9.649175600377e-08,8.315406316566229e-16,3.3796992408617266e-15,25.043176890541957,
True,"[[0, 1, 2]]",0.8935,1.0,0.012,0.0675,1.5,0.15,0.03,1000000.0,32.90258364259793,10.875226289318247,46.132718674949174,0.1886708432502968,0.7079990286926927,0.6805444058085622,7.685025871955e-08;8.176383864048e-08;9.661992655726e-08,7.793630439657635e-16,3.4294479426697026e-15,17.0604386320044,
True,"[[0, 1, 2]]",0.8935,1.0,0.012,0.07,1.5,0.15,0.03,1000000.0,33.10214540025437,11.121749703514162,46.195304490415516,0.1928944552050787,0.7081495585267673,0.6792024233683079,7.679998471623e-08;8.172718586975e-08;9.666741889617e-08,7.810952577752427e-16,3.4463522236331952e-15,20.59513488891842,
True,"[[0, 1, 2]]",0.8935,1.0,0.012,0.0725,1.5,0.15,0.03,1000000.0,32.13353616746272,10.91928456871037,46.56256070646342,0.1894259391691944,0.7129790514726971,0.6751138316838604,7.683515047840e-08;8.190523218777e-08;9.740160665098e-08,8.048267106942843e-16,3.583432629153395e-15,20.182769332482632,
True,"[[0, 1, 2]]",0.8935,1.0,0.012,0.075,1.5,0.15,0.03,1000000.0,34.51432949555903,11.154612777909538,46.52788068165315,0.1934572203920454,0.7119996624462365,0.6750042848416089,7.666223058821e-08;8.157081646318e-08;9.747256873270e-08,7.767004997099075e-16,3.6238040565906705e-15,23.15428893721781,
True,"[[0, 1, 2]]",0.8935,1.0,0.012,0.0775,1.5,0.15,0.03,1000000.0,36.65846450160945,11.49477426066687,45.628717203207906,0.19927855822543755,0.7004859748779856,0.6852791075399356,7.652280405391e-08;8.120525412138e-08;9.753330201237e-08,7.38553756645172e-16,3.657005461163508e-15,36.1520302905168,
True,"[[0, 1, 2]]",0.8935,1.0,0.012,0.08,1.5,0.15,0.03,1000000.0,35.71425512478891,11.403505545855152,46.03539561709168,0.19771731625140357,0.7055599034548607,0.6805094308611832,7.654755314871e-08;8.135278721650e-08;9.806347689533e-08,7.587480948371084e-16,3.756917607746149e-15,30.006750903426205,
True,"[[0, 1, 2]]",0.8935,1.0,0.012,0.0825,1.5,0.15,0.03,1000000.0,37.11923144342619,11.497318314334269,45.82004889657486,0.19932206956350268,0.7027641177128388,0.6829299432885625,7.644063601433e-08;8.116238100364e-08;9.839607412737e-08,7.441612559041794e-16,3.838616569402209e-15,39.688522966274014,
True,"[[0, 1, 2]]",0.8935,1.0,0.012,0.085,1.5,0.15,0.03,1000000.0,38.55717343832677,11.642973981151359,46.207532478616464,0.2018125826540576,0.7069985190562988,0.6778088045567141,7.629563380413e-08;8.103286891749e-08;9.852229809960e-08,7.453021074243487e-16,3.885619485253379e-15,,outside_angle_window
True,"[[0, 1, 2]]",0.8935,1.0,0.013,0.06,1.5,0.15,0.03,1000000.0,28.527822207775937,10.293954752458971,46.831760067969476,0.17869840492878392,0.7176083125154612,0.673130886146613,7.715632174251e-08;8.254691797281e-08;9.600774084070e-08,8.608956819752961e-16,3.2643883165012967e-15,35.70190949578387,
True,"[[0, 1, 2]]",0.8935,1.0,0.013,0.0625,1.5,0.15,0.03,1000000.0,30.52857672473011,10.552423972480721,46.76066417007471,0.18313509873942324,0.7161779425600221,0.6734617214067171,7.701884924275e-08;8.220086738912e-08;9.607578679100e-08,8.250794608462029e-16,3.2986536688332173e-15,22.780888050498724,
True,"[[0, 1, 2]]",0.8935,1.0,0.013,0.065,1.5,0.15,0.03,1000000.0,30.561388406801008,10.66472443150538,46.776480174911384,0.18506161028236437,0.7161008824098636,0.6730168843434896,7.698998003958e-08;8.219057915189e-08;9.636517525136e-08,8.278342748274129e-16,3.3587899747305522e-15,24.00285852306255,
True,"[[0, 1, 2]]",0.8935,1.0,0.013,0.0675,1.5,0.15,0.03,1000000.0,32.300274686631944,10.76910519046798,46.793248526118425,0.18685162222277812,0.7160508908331005,0.672575343742055,7.686745413547e-08;8.193051850189e-08;9.666337598374e-08,8.040043567201992e-16,3.4352027513043884e-15,18.54018802323378,
True,"[[0, 1, 2]]",0.8935,1.0,0.013,0.07,1.5,0.15,0.03,1000000.0,31.805835572240017,11.127412252624923,46.56839463047614,0.19299142831084587,0.7125433958494766,0.6745637239206825,7.685710028365e-08;8.195683593298e-08;9.658441191008e-08,8.099090921335808e-16,3.421534760005512e-15,24.164660023797474,
True,"[[0, 1, 2]]",0.8935,1.0,0.013,0.0725,1.5,0.15,0.03,1000000.0,33.970842190685204,11.080361576743437,46.18195319387484,0.19218561211360022,0.70809162306564,0.6794637178250885,7.673009446106e-08;8.162316219547e-08;9.720285800188e-08,7.748332107850139e-16,3.560888207730179e-15,20.179454813332793,
True,"[[0, 1, 2]]",0.8935,1.0,0.013,0.075,1.5,0.15,0.03,1000000.0,35.63235749060261,11.006352171135385,46.73884673969186,0.19091782357842627,0.7148423924384311,0.6727189150104824,7.659459745109e-08;8.147548764855e-08;9.768480149797e-08,7.715227288752988e-16,3.675588085003121e-15,25.37860026457053,
True,"[[0, 1, 2]]",0.8935,1.0,0.013,0.0775,1.5,0.15,0.03,1000000.0,35.5209604172943,11.364579144243013,45.652247755821676,0.1970512886582528,0.7010893621241178,0.6853061330197047,7.659627831161e-08;8.135507866190e-08;9.774642491134e-08,7.51658972894024e-16,3.687373731757514e-15,27.852593761053914,
True,"[[0, 1, 2]]",0.8935,1.0,0.013,0.08,1.5,0.15,0.03,1000000.0,35.6355460170839,11.510487344015617,46.33310240078396,0.19954729520370537,0.7088179809875977,0.6765781158191957,7.652856746247e-08;8.139795819901e-08;9.782260679665e-08,7.690059611103629e-16,3.712640762634457e-15,32.18763774450089,
True,"[[0, 1, 2]]",0.8935,1.0,0.013,0.0825,1.5,0.15,0.03,1000000.0,37.90462790346277,11.573779344848996,45.64792202537165,0.2006296104578689,0.7005184792459656,0.6848515310944013,7.638991327833e-08;8.106636305964e-08;9.829755763529e-08,7.363363690462769e-16,3.82699098639169e-15,47.24156627516866,
True,"[[0, 1, 2]]",0.8935,1.0,0.013,0.085,1.5,0.15,0.03,1000000.0,36.381603544783324,11.378471447598598,46.83861632656991,0.19728899530239036,0.7150931636938215,0.6706107809831546,7.642379145775e-08;8.136478463419e-08;9.886061124818e-08,7.796322777905844e-16,3.932824555585773e-15,35.43018044995588,
True,"[[0, 1, 2]]",0.8945,1.0,0.01,0.06,1.5,0.15,0.03,1000000.0,25.842549758950295,10.080270717213935,46.272354418243225,0.17502771094796774,0.711478776807129,0.6805609822442438,7.687506801016e-08;8.251649027727e-08;9.604831022585e-08,8.991950861128013e-16,3.315501815675426e-15,,outside_angle_window
True,"[[0, 1, 2]]",0.8945,1.0,0.01,0.0625,1.5,0.15,0.03,1000000.0,28.08227132761649,9.953143173791691,47.43960196200657,0.17284273810295991,0.7254790411510816,0.6661873225568634,7.672895847113e-08;8.223059379006e-08;9.652962947606e-08,8.745374870015577e-16,3.430636298721605e-15,39.72288531245315,
True,"[[0, 1, 2]]",0.8945,1.0,0.01,0.065,1.5,0.15,0.03,1000000.0,27.08940421824899,10.044275243422835,47.55697717251532,0.17440913472960357,0.7266384653776219,0.6645133515260851,7.675259986723e-08;8.242857690517e-08;9.684323238154e-08,9.035087042334424e-16,3.4876500717259975e-15,,outside_angle_window
True,"[[0, 1, 2]]",0.8945,1.0,0.01,0.0675,1.5,0.15,0.03,1000000.0,28.542845746034722,10.648898883883133,46.082680069166976,0.18479016627583025,0.7079357486050151,0.6816740939002381,7.665716753684e-08;8.196213251315e-08;9.656448870046e-08,8.414698313315016e-16,3.4483791432104615e-15,37.35810348811704,
True,"[[0, 1, 2]]",0.8945,1.0,0.01,0.07,1.5,0.15,0.03,1000000.0,30.24209943926334,10.411036787763091,46.95786809100015,0.18070860558614998,0.718819752114355,0.6712991612070351,7.654157837080e-08;8.179589053780e-08;9.729469500219e-08,8.319544893790241e-16,3.607644456076038e-15,23.64514615315124,
True,"[[0, 1, 2]]",0.8945,1.0,0.01,0.0725,1.5,0.15,0.03,1000000.0,30.93958933263349,10.699490127861827,46.431382893048166,0.18565787115846247,0.7119527892713807,0.6772402680921387,7.648037268731e-08;8.161392463359e-08;9.736718906392e-08,8.115852877077362e-16,3.631122099818669e-15,21.32605402956967,
True,"[[0, 1, 2]]",0.8945,1.0,0.01,0.075,1.5,0.15,0.03,1000000.0,31.739952808187244,10.642307418311157,46.93996479680714,0.18467710354335004,0.7180711613141758,0.6710202491100045,7.640400460480e-08;8.155565438894e-08;9.784919536882e-08,8.137528431577618e-16,3.7368931146755495e-15,19.03227886456273,
True,"[[0, 1, 2]]",0.8945,1.0,0.01,0.0775,1.5,0.15,0.03,1000000.0,32.16116634175645,10.81504029911408,46.60156553754233,0.1876391612215651,0.7136877126784937,0.6748639818124161,7.635869392482e-08;8.144679910705e-08;9.808219068271e-08,8.029309468799333e-16,3.789465991214553e-15,18.818931583938536,
True,"[[0, 1, 2]]",0.8945,1.0,0.01,0.08,1.5,0.15,0.03,1000000.0,33.65982234920131,11.17698527710382,45.51596242293289,0.1938403028542867,0.699913837176072,0.6874202190208892,7.626646877358e-08;8.110064774858e-08;9.811096564118e-08,7.607408060468007e-16,3.809187319853643e-15,20.256284230252813,
True,"[[0, 1, 2]]",0.8945,1.0,0.01,0.0825,1.5,0.15,0.03,1000000.0,33.84510784295594,11.10338317053088,45.99710107892774,0.19257990903440356,0.7058402006113114,0.6816909782571464,7.622178893843e-08;8.113050891655e-08;9.861997324158e-08,7.723983680842623e-16,3.916138013195589e-15,19.993113448951473,
True,"[[0, 1, 2]]",0.8945,1.0,0.01,0.085,1.5,0.15,0.03,1000000.0,34.95785117103877,11.185779445405664,46.094088702461256,0.19399087658554917,0.7067928581866958,0.6803024293781065,7.612402943948e-08;8.099568325315e-08;9.891321815207e-08,7.654328475421175e-16,3.9889568670958786e-15,23.682696380807506,
True,"[[0, 1, 2]]",0.8945,1.0,0.011,0.06,1.5,0.15,0.03,1000000.0,27.49140018495905,9.819777954160896,47.21479807170029,0.17054964238427314,0.7231529383440676,0.6693001174711114,7.678818190863e-08;8.233170241937e-08;9.631457628407e-08,8.820843424386258e-16,3.3800727239467887e-15,,outside_angle_window
True,"[[0, 1, 2]]",0.8945,1.0,0.011,0.0625,1.5,0.15,0.03,1000000.0,27.718388449439743,10.019706578036741,47.32243732981419,0.1739868867677913,0.7239671201683328,0.6675328996745598,7.674412885165e-08;8.229523915696e-08;9.643374427844e-08,8.828450747037999e-16,3.4098057223611223e-15,,outside_angle_window
True,"[[0, 1, 2]]",0.8945,1.0,0.011,0.065,1.5,0.15,0.03,1000000.0,26.625676533387928,10.250338591226434,47.07910515054212,0.17794936069045075,0.7206069210922675,0.670119161271849,7.677179561613e-08;8.246750825055e-08;9.657087871893e-08,9.069813149308123e-16,3.432026014422858e-15,,outside_angle_window
True,"[[0, 1, 2]]",0.8945,1.0,0.011,0.0675,1.5,0.15,0.03,1000000.0,29.92620324163943,10.480065002923872,46.15034037485442,0.18189340927569653,0.7091298506927877,0.6812118925256601,7.659341907689e-08;8.176571098882e-08;9.684898391235e-08,8.190796476190978e-16,3.513173838966827e-15,23.994480142074025,
True,"[[0, 1, 2]]",0.8945,1.0,0.011,0.07,1.5,0.15,0.03,1000000.0,29.83308808860505,10.621459787597887,46.95533328856168,0.18431949019009405,0.7183001849405402,0.670873438027138,7.654713236267e-08;8.186372159425e-08;9.691466206805e-08,8.422054403119818e-16,3.532988250816105e-15,28.80508787163451,
True,"[[0, 1, 2]]",0.8945,1.0,0.011,0.0725,1.5,0.15,0.03,1000000.0,29.890228525242527,10.619854791625931,46.777132132134554,0.18429195760843933,0.7162139277877762,0.6731077803766329,7.652917181657e-08;8.183415834645e-08;9.743899529899e-08,8.401153333421662e-16,3.63764366594662e-15,27.71613455784905,
True,"[[0, 1, 2]]",0.8945,1.0,0.011,0.075,1.5,0.15,0.03,1000000.0,32.81451072899305,10.728083088191351,46.461047937601165,0.1861482132123154,0.7122360848656418,0.6768076551968276,7.635118452134e-08;8.135973886137e-08;9.779022973181e-08,7.899037297791298e-16,3.733425653188632e-15,16.063671653170985,
True,"[[0, 1, 2]]",0.8945,1.0,0.011,0.0775,1.5,0.15,0.03,1000000.0,32.11101524440498,10.968330793639623,46.0769472358334,0.1902663895766311,0.7071144953111688,0.6810196704341266,7.636562215810e-08;8.139841391865e-08;9.790685751236e-08,7.939935408784568e-16,3.754044500352426e-15,19.648269293230616,
True,"[[0, 1, 2]]",0.8945,1.0,0.011,0.08,1.5,0.15,0.03,1000000.0,33.288027022880726,11.176507254921566,45.97511140679539,0.19383211802859268,0.7054012203125966,0.681790457840201,7.626738283407e-08;8.121130332497e-08;9.802273076623e-08,7.785621033830176e-16,3.791742062510188e-15,20.878549107257836,
True,"[[0, 1, 2]]",0.8945,1.0,0.011,0.0825,1.5,0.15,0.03,1000000.0,33.30906810476009,11.019808361219182,46.51687081309325,0.19114835321867718,0.7121982263323469,0.675452436127629,7.623577165716e-08;8.127704399652e-08;9.866904495747e-08,7.940650006499094e-16,3.923687552657082e-15,19.87558318826489,
True,"[[0, 1, 2]]",0.8945,1.0,0.011,0.085,1.5,0.15,0.03,1000000.0,35.34942000055306,11.299580548506865,46.02696935060771,0.1959389653440533,0.7057167467240943,0.6808610689802763,7.609145691195e-08;8.094519723622e-08;9.871486341989e-08,7.622151406264984e-16,3.954714445024557e-15,26.718109799273805,
True,"[[0, 1, 2]]",0.8945,1.0,0.012,0.06,1.5,0.15,0.03,1000000.0,26.568425315294373,10.136882551133924,46.451525813771404,0.17600043602472465,0.7134778051498285,0.6782132909915533,7.682938425030e-08;8.242175735272e-08;9.591246379273e-08,8.905918008309078e-16,3.2964464265111475e-15,,outside_angle_window
True,"[[0, 1, 2]]",0.8945,1.0,0.012,0.0625,1.5,0.15,0.03,1000000.0,27.622935709128868,9.967719134185572,47.29638456641808,0.17309330216632363,0.7237792281513302,0.6679688148721659,7.675072597486e-08;8.232679996966e-08;9.653534109558e-08,8.870280555768349e-16,3.4283981427720712e-15,,outside_angle_window
True,"[[0, 1, 2]]",0.8945,1.0,0.012,0.065,1.5,0.15,0.03,1000000.0,27.392672400239732,10.120170976896304,47.33423053651186,0.1757133095227354,0.7238790629414736,0.6671760900178048,7.673365712154e-08;8.237019628731e-08;9.675213418580e-08,8.967951011643098e-16,3.47292133426183e-15,,outside_angle_window
True,"[[0, 1, 2]]",0.8945,1.0,0.012,0.0675,1.5,0.15,0.03,1000000.0,30.07448097473643,10.37638055977314,46.84251394209909,0.1801136653715321,0.717546366771685,0.672819648255824,7.657092378027e-08;8.183783445611e-08;9.688952789358e-08,8.343247799004036e-16,3.5244742468754847e-15,23.920518093639284,
True,"[[0, 1, 2]]",0.8945,1.0,0.012,0.07,1.5,0.15,0.03,1000000.0,29.559980174029025,10.635539248979384,46.339192137814955,0.18456100728609173,0.7110116369595252,0.6785275872782055,7.657542416777e-08;8.184968050286e-08;9.701830665594e-08,8.355746119450962e-16,3.548756239911513e-15,28.969447948242202,
True,"[[0, 1, 2]]",0.8945,1.0,0.012,0.0725,1.5,0.15,0.03,1000000.0,29.93661691505259,10.828417969708237,46.006180690507264,0.18786849335986525,0.7066049701504158,0.6822131964139415,7.653250163761e-08;8.173875978722e-08;9.722316039262e-08,8.240010446421236e-16,3.595119109819162e-15,27.904961918205263,
True,"[[0, 1, 2]]",0.8945,1.0,0.012,0.075,1.5,0.15,0.03,1000000.0,30.09468381612753,10.731591267948907,46.38851154554011,0.18620837196550216,0.7113704229321179,0.6777009396387461,7.649962765750e-08;8.176267936522e-08;9.779818462842e-08,8.329427052429179e-16,3.7122918848780625e-15,26.484123388255533,
True,"[[0, 1, 2]]",0.8945,1.0,0.012,0.0775,1.5,0.15,0.03,1000000.0,32.65166904291515,11.207047932413843,45.664720168123054,0.1943550166770123,0.7016233903874387,0.6855295366019005,7.633019091331e-08;8.127578712457e-08;9.756476250769e-08,7.794555278562881e-16,3.692584838318793e-15,21.391948888950957,
True,"[[0, 1, 2]]",0.8945,1.0,0.012,0.08,1.5,0.15,0.03,1000000.0,33.139473798506295,10.914631054237875,46.749487496235716,0.18934618986693522,0.7151890074350596,0.6727946967885757,7.626369708570e-08;8.134572430187e-08;9.834228046156e-08,8.00975369016202e-16,3.855052633199969e-15,19.20113115287686,
True,"[[0, 1, 2]]",0.8945,1.0,0.012,0.0825,1.5,0.15,0.03,1000000.0,33.2024345755426,11.31709861693562,45.96045677010559,0.19623877756342145,0.7048827862253487,0.681638173713521,7.623736410247e-08;8.122242621710e-08;9.823391336481e-08,7.849468352998035e-16,3.837766049673033e-15,23.109383986643078,
True,"[[0, 1, 2]]",0.8945,1.0,0.012,0.085,1.5,0.15,0.03,1000000.0,37.77267385196811,11.614580268098566,45.1865657510254,0.2013271907553486,0.694879747756243,0.6903691030316182,7.595317218016e-08;8.057689030206e-08;9.831141454421e-08,7.23750886520986e-16,3.896249865454371e-15,46.418165973568954,
True,"[[0, 1, 2]]",0.8945,1.0,0.013,0.06,1.5,0.15,0.03,1000000.0,26.39117941624212,10.28865388909513,46.3915472150073,0.17860737581667357,0.7124273759556428,0.6786358664945017,7.682835690768e-08;8.245844249991e-08;9.566409964221e-08,8.967983143771906e-16,3.249023535221197e-15,,outside_angle_window
True,"[[0, 1, 2]]",0.8945,1.0,0.013,0.0625,1.5,0.15,0.03,1000000.0,27.6117839300164,10.098258052429166,47.21912694418553,0.1753367944359236,0.722586559137212,0.6686745643966748,7.674310136064e-08;8.232894865775e-08;9.631496534661e-08,8.885521806415658e-16,3.3870689432694003e-15,,outside_angle_window
True,"[[0, 1, 2]]",0.8945,1.0,0.013,0.065,1.5,0.15,0.03,1000000.0,29.463596891271457,10.50941157014674,45.80184449225044,0.1823970353224737,0.7049064699689044,0.6854474378837914,7.663874849823e-08;8.182898512963e-08;9.638358652319e-08,8.224850359700092e-16,3.416297979697666e-15,27.075781656790813,
True,"[[0, 1, 2]]",0.8945,1.0,0.013,0.0675,1.5,0.15,0.03,1000000.0,29.495610733923552,10.40415646858762,47.00030780843241,0.18059049704536168,0.719332660213054,0.6707813327214938,7.659330966889e-08;8.196141783514e-08;9.680564613982e-08,8.511389275120653e-16,3.5047980385136015e-15,29.01042855896831,
True,"[[0, 1, 2]]",0.8945,1.0,0.013,0.07,1.5,0.15,0.03,1000000.0,29.396375465792985,10.709173399133602,46.41025591615586,0.18582393522778495,0.7116802820264114,0.6774811003055147,7.657478068635e-08;8.189484582308e-08;9.687335395495e-08,8.430687352235363e-16,3.520749669319595e-15,31.36366844279532,
True,"[[0, 1, 2]]",0.8945,1.0,0.013,0.0725,1.5,0.15,0.03,1000000.0,30.026073287802905,10.665178300302241,46.130816443668415,0.18506939495265223,0.7084703189372914,0.6810426757822564,7.653304698034e-08;8.176119220108e-08;9.749069838145e-08,8.275852700466719e-16,3.6471289908086266e-15,25.45701152466573,
True,"[[0, 1, 2]]",0.8945,1.0,0.013,0.075,1.5,0.15,0.03,1000000.0,32.624387081480194,10.905518278709103,46.318716833375056,0.18919001665038085,0.7101322948797215,0.6781734743917603,7.634860700943e-08;8.138506609930e-08;9.749715327723e-08,7.944191917062266e-16,3.67658510488225e-15,18.286833086386903,
True,"[[0, 1, 2]]",0.8945,1.0,0.013,0.0775,1.5,0.15,0.03,1000000.0,32.23067564542988,10.994202649587686,46.54646592131219,0.190709670561368,0.7126089657453634,0.6751431577773709,7.633563110899e-08;8.145827538310e-08;9.776421634848e-08,8.083220515803449e-16,3.730713421424955e-15,20.955495273848875,
True,"[[0, 1, 2]]",0.8945,1.0,0.013,0.08,1.5,0.15,0.03,1000000.0,32.20316521008815,11.169771204101824,46.135467493259775,0.1937167801017654,0.7073230354037096,0.6798293408600345,7.631720511373e-08;8.140329151579e-08;9.799964565314e-08,8.021800732320246e-16,3.779614751768904e-15,22.532872066885794,
True,"[[0, 1, 2]]",0.8945,1.0,0.013,0.0825,1.5,0.15,0.03,1000000.0,35.46900569375531,11.330015403566971,45.56585317486529,0.1964598295974541,0.7001399664090402,0.6864456007515736,7.611742841277e-08;8.090611772307e-08;9.828740988251e-08,7.519369768459739e-16,3.866552033239192e-15,26.959926687435814,
True,"[[0, 1, 2]]",0.8945,1.0,0.013,0.085,1.5,0.15,0.03,1000000.0,34.262363786690706,11.156856692992358,46.55623455826858,0.19349564409713096,0.7123281121472377,0.6746466455560945,7.613901093497e-08;8.117173556769e-08;9.886844921112e-08,7.917016689151943e-16,3.977821263255389e-15,22.778085746444393,
True,"[[0, 1, 2]]",0.8955,1.0,0.01,0.06,1.5,0.15,0.03,1000000.0,23.78473128893194,9.456570532917757,47.78440543411507,0.16429996666408575,0.7305570054635437,0.6627910551012468,7.653957503213e-08;8.276049002685e-08;9.643201129925e-08,9.909921633849796e-16,3.4408262571186897e-15,,outside_angle_window
True,"[[0, 1, 2]]",0.8955,1.0,0.01,0.0625,1.5,0.15,0.03,1000000.0,24.80844952653281,9.687142356041639,46.983564940272835,0.1682681753623241,0.7207326467651362,0.6724806860029963,7.647452185364e-08;8.241248190878e-08;9.669309779726e-08,9.434646816222756e-16,3.5012026688876806e-15,,outside_angle_window
True,"[[0, 1, 2]]",0.8955,1.0,0.01,0.065,1.5,0.15,0.03,1000000.0,25.931974551303412,10.203781151037438,45.87330519474484,0.17714969048133913,0.7064491714644061,0.6852354013764341,7.639447207477e-08;8.200985780577e-08;9.646668081171e-08,8.895014137404602e-16,3.4697051432453393e-15,,outside_angle_window
True,"[[0, 1, 2]]",0.8955,1.0,0.01,0.0675,1.5,0.15,0.03,1000000.0,26.649667108804017,10.210754070127074,46.94731504918078,0.17726946474246774,0.7191532924839724,0.6718586747071768,7.631709903716e-08;8.200296207877e-08;9.672425558505e-08,9.001861842444993e-16,3.5312820130335746e-15,,outside_angle_window
True,"[[0, 1, 2]]",0.8955,1.0,0.01,0.07,1.5,0.15,0.03,1000000.0,26.729593965893343,10.276327579348933,46.50714057902632,0.1783956962694747,0.7138229217212363,0.6772236055969925,7.630064787116e-08;8.192977194681e-08;9.719599756851e-08,8.906986656972082e-16,3.625273077779291e-15,,outside_angle_window
True,"[[0, 1, 2]]",0.8955,1.0,0.01,0.0725,1.5,0.15,0.03,1000000.0,27.70644045710679,10.519866262085285,45.946487302997085,0.18257644016024074,0.7066106983195298,0.6836425707332031,7.623125895538e-08;8.166226681307e-08;9.734899242894e-08,8.575209791263575e-16,3.6656214850070235e-15,,outside_angle_window
True,"[[0, 1, 2]]",0.8955,1.0,0.01,0.075,1.5,0.15,0.03,1000000.0,28.80027289657863,10.522459708039095,45.979858765693734,0.18262094332855666,0.7070028170671224,0.6832251515546276,7.615612586449e-08;8.147443944886e-08;9.782767223147e-08,8.383287768182768e-16,3.7704979475407226e-15,33.20516661375728,
True,"[[0, 1, 2]]",0.8955,1.0,0.01,0.0775,1.5,0.15,0.03,1000000.0,28.431253792953875,10.461841782124019,46.5965744201297,0.18158065059388098,0.714455736538735,0.6757081232726891,7.614228038080e-08;8.162089383664e-08;9.830851837513e-08,8.643234491032276e-16,3.866917923525255e-15,37.63685321403595,
True,"[[0, 1, 2]]",0.8955,1.0,0.01,0.08,1.5,0.15,0.03,1000000.0,29.711766171571043,10.83817575966911,45.82365728202876,0.1880357637688383,0.7044051495536484,0.6844384098120688,7.605202642564e-08;8.128501014313e-08;9.822627297965e-08,8.233421505226189e-16,3.864489980025182e-15,29.309772284917912,
True,"[[0, 1, 2]]",0.8955,1.0,0.01,0.0825,1.5,0.15,0.03,1000000.0,29.07409427179496,10.851552042169738,46.426410084650335,0.18826505439367966,0.7115345213170575,0.6769600389004898,7.604509959553e-08;8.146834021235e-08;9.855632007477e-08,8.542332844615913e-16,3.930491054187686e-15,35.95656589470551,
True,"[[0, 1, 2]]",0.8955,1.0,0.01,0.085,1.5,0.15,0.03,1000000.0,31.380651846916077,11.006959185705604,45.923612583362434,0.19092822309736837,0.7051971086049054,0.6828202191207174,7.590606067927e-08;8.102898082229e-08;9.883600253154e-08,8.039656852540514e-16,4.0068253485685785e-15,22.31118473246663,
True,"[[0, 1, 2]]",0.8955,1.0,0.011,0.06,1.5,0.15,0.03,1000000.0,24.913975372372203,9.71019389950885,46.865864345401704,0.16866475040993748,0.7193002132833973,0.6739134997457144,7.648581611638e-08;8.238626879425e-08;9.615402272400e-08,9.374172188496466e-16,3.3955160190181635e-15,,outside_angle_window
True,"[[0, 1, 2]]",0.8955,1.0,0.011,0.0625,1.5,0.15,0.03,1000000.0,26.186343869144043,9.968778451050657,46.47031166060243,0.17311151162691102,0.7140714481225429,0.6783320510769963,7.639968565567e-08;8.205954118774e-08;9.627024495620e-08,8.968563316574323e-16,3.4310480956424372e-15,,outside_angle_window
True,"[[0, 1, 2]]",0.8955,1.0,0.011,0.065,1.5,0.15,0.03,1000000.0,26.458183787262847,10.153004518453702,46.09779985956695,0.17627741812633022,0.7092414505638635,0.6825707557906981,7.636562405295e-08;8.195132632791e-08;9.651389844207e-08,8.843113499064262e-16,3.4832240554888554e-15,,outside_angle_window
True,"[[0, 1, 2]]",0.8955,1.0,0.011,0.0675,1.5,0.15,0.03,1000000.0,26.467439157535654,9.992376780651679,46.90608252057785,0.17351714718576777,0.7191577662167685,0.6728327481049979,7.633924807131e-08;8.205951902589e-08;9.714962817893e-08,9.060838666665728e-16,3.610369459210106e-15,,outside_angle_window
True,"[[0, 1, 2]]",0.8955,1.0,0.011,0.07,1.5,0.15,0.03,1000000.0,27.3776111177432,10.356931204547385,46.35874448380372,0.17977975123293924,0.7118841970306207,0.6788962594274577,7.626476839274e-08;8.179836452819e-08;9.707529752932e-08,8.74657541488629e-16,3.607298492407833e-15,,outside_angle_window
True,"[[0, 1, 2]]",0.8955,1.0,0.011,0.0725,1.5,0.15,0.03,1000000.0,28.773034264588272,10.38572297826473,46.63937442760922,0.18027405229004637,0.715135049365594,0.6753392682494467,7.616549779666e-08;8.158212694870e-08;9.745665513323e-08,8.544603828605927e-16,3.696616575144742e-15,33.662780095881196,
True,"[[0, 1, 2]]",0.8955,1.0,0.011,0.075,1.5,0.15,0.03,1000000.0,29.046357505611294,10.510226848009639,46.18408710204858,0.182411025890239,0.7094617650990653,0.6807277146525563,7.613633122027e-08;8.147296103817e-08;9.780861923379e-08,8.41102448644702e-16,3.769785064736936e-15,31.30316506675543,
True,"[[0, 1, 2]]",0.8955,1.0,0.011,0.0775,1.5,0.15,0.03,1000000.0,30.41300462777855,10.711786322869747,45.94025385608288,0.1858687448724653,0.7060928752838243,0.68329031981498,7.603818056146e-08;8.121184662212e-08;9.796076144263e-08,8.135591286786532e-16,3.8145058793240185e-15,23.185143087930253,
True,"[[0, 1, 2]]",0.8955,1.0,0.011,0.08,1.5,0.15,0.03,1000000.0,30.376426080341023,10.816658901393744,46.38877749548947,0.18766690931114358,0.7111726134426738,0.6775061955721301,7.599788834345e-08;8.126553012176e-08;9.815085425640e-08,8.284073533062849e-16,3.8579111585978836e-15,25.811432235004315,
True,"[[0, 1, 2]]",0.8955,1.0,0.011,0.0825,1.5,0.15,0.03,1000000.0,32.815041157043424,10.90468282047754,46.257650692574536,0.18917569846796722,0.7094110838001834,0.6789318590922866,7.584019780371e-08;8.088664418436e-08;9.848844251623e-08,7.909136045000707e-16,3.9482377063666684e-15,17.85855082149923,
True,"[[0, 1, 2]]",0.8955,1.0,0.011,0.085,1.5,0.15,0.03,1000000.0,32.82810889732844,11.18321812376258,45.60710208988735,0.19394702211326817,0.7009913499916886,0.6862912500171671,7.582148938885e-08;8.078916637319e-08;9.856141080011e-08,7.779911501318893e-16,3.965453445765314e-15,20.714680005666885,
True,"[[0, 1, 2]]",0.8955,1.0,0.012,0.06,1.5,0.15,0.03,1000000.0,25.870548676468996,9.76891103750779,46.82093637148986,0.1696747871229089,0.7186451268876748,0.6743586940310754,7.643537456869e-08;8.218931984846e-08;9.605422338195e-08,9.127178116973865e-16,3.3840473440538906e-15,,outside_angle_window
True,"[[0, 1, 2]]",0.8955,1.0,0.012,0.0625,1.5,0.15,0.03,1000000.0,26.508761977645786,10.059098696481662,46.657305059171144,0.1746638816508899,0.7160821273332557,0.6758098218881011,7.637261642129e-08;8.202931356271e-08;9.606348949565e-08,8.960317445369222e-16,3.395417475047215e-15,,outside_angle_window
True,"[[0, 1, 2]]",0.8955,1.0,0.012,0.065,1.5,0.15,0.03,1000000.0,25.112218919587214,9.872525522131834,47.3845693957253,0.1714567008091968,0.7250170889022023,0.6670478397741096,7.641981826800e-08;8.242507482611e-08;9.676099273135e-08,9.53904335974943e-16,3.5227010902413615e-15,,outside_angle_window
True,"[[0, 1, 2]]",0.8955,1.0,0.012,0.0675,1.5,0.15,0.03,1000000.0,27.67682536269148,10.279029763540997,45.91623924934569,0.17844210154828138,0.7067947150925429,0.6845433858508809,7.628226201273e-08;8.170762053197e-08;9.681870796328e-08,8.571517552173523e-16,3.554878713900037e-15,,outside_angle_window
True,"[[0, 1, 2]]",0.8955,1.0,0.012,0.07,1.5,0.15,0.03,1000000.0,28.53448140279101,10.303103691176142,46.11929455258055,0.17885551154244586,0.7091621778790502,0.6819821929175538,7.621411268916e-08;8.157848365829e-08;9.722817313516e-08,8.464580229900056e-16,3.644726678204918e-15,33.62777806391644,
True,"[[0, 1, 2]]",0.8955,1.0,0.012,0.0725,1.5,0.15,0.03,1000000.0,26.889195872655495,10.556204887755122,46.11043743893105,0.1831999717317229,0.7084804317767802,0.6815374150747594,7.626128098967e-08;8.186398581852e-08;9.724711252439e-08,8.859291959100062e-16,3.641217916146568e-15,,outside_angle_window
True,"[[0, 1, 2]]",0.8955,1.0,0.012,0.075,1.5,0.15,0.03,1000000.0,28.825470374504132,10.544118728096644,46.73407889869051,0.18299259445132698,0.7158847017497026,0.6738121430907973,7.612742175773e-08;8.159206977093e-08;9.762589015205e-08,8.618815060248544e-16,3.735430084499421e-15,35.27214380823139,
True,"[[0, 1, 2]]",0.8955,1.0,0.012,0.0775,1.5,0.15,0.03,1000000.0,30.291040865355505,10.780628397801138,45.75359556766421,0.18704919429182681,0.703702621810103,0.6854306813765106,7.604333002176e-08;8.121685757630e-08;9.786922355081e-08,8.135899137709656e-16,3.795796877640391e-15,24.49895380838286,
True,"[[0, 1, 2]]",0.8955,1.0,0.012,0.08,1.5,0.15,0.03,1000000.0,29.23847008079269,10.863775568376768,46.05261640107261,0.18847457598110273,0.7070740366984611,0.6815597118635969,7.606322321846e-08;8.141767479025e-08;9.813001894898e-08,8.43223841869103e-16,3.843886692545073e-15,33.80037202820332,
True,"[[0, 1, 2]]",0.8955,1.0,0.012,0.0825,1.5,0.15,0.03,1000000.0,31.656388377630453,11.043196770069587,45.75228389798306,0.19154901520046816,0.7030655145765743,0.6848414831103689,7.591018718558e-08;8.099280129073e-08;9.832736857428e-08,7.974773423694378e-16,3.9059148921933365e-15,21.51374392466214,
True,"[[0, 1, 2]]",0.8955,1.0,0.012,0.085,1.5,0.15,0.03,1000000.0,33.756880401460464,11.164596440422015,45.63908803499444,0.19362817347141253,0.7014193993062996,0.6859438437035621,7.576648539274e-08;8.068332317636e-08;9.859045849451e-08,7.69238330013537e-16,3.979518197389578e-15,20.267261844095444,
True,"[[0, 1, 2]]",0.8955,1.0,0.013,0.06,1.5,0.15,0.03,1000000.0,26.03924821671709,9.820561226790144,46.62293048211772,0.17056311276659494,0.7161988874349151,0.6767328706367555,7.642629670857e-08;8.214435859832e-08;9.600314127734e-08,9.06716820943187e-16,3.3756243065306215e-15,,outside_angle_window
True,"[[0, 1, 2]]",0.8955,1.0,0.013,0.0625,1.5,0.15,0.03,1000000.0,26.021714386107814,9.980043123706693,46.18415051549071,0.17330514560061497,0.7106500856705117,0.6818663961838483,7.640941934856e-08;8.208811948131e-08;9.631385821983e-08,9.000599947949718e-16,3.4379599200069108e-15,,outside_angle_window
True,"[[0, 1, 2]]",0.8955,1.0,0.013,0.065,1.5,0.15,0.03,1000000.0,26.43888343500452,10.086767823548096,46.91245009967427,0.17513935528488977,0.7190227960116825,0.6725566333371777,7.634908103178e-08;8.208981055114e-08;9.646099158729e-08,9.095548219237342e-16,3.4755407236059987e-15,,outside_angle_window
True,"[[0, 1, 2]]",0.8955,1.0,0.013,0.0675,1.5,0.15,0.03,1000000.0,28.036491872097155,10.416896984170968,46.18838975946358,0.1808092004990475,0.7097263575357617,0.6808792333694853,7.624646277741e-08;8.168405635639e-08;9.650845004420e-08,8.58761976766823e-16,3.500357843865918e-15,40.08283361174646,
True,"[[0, 1, 2]]",0.8955,1.0,0.013,0.07,1.5,0.15,0.03,1000000.0,28.275497210298372,10.513992007124546,45.8134340509505,0.18247563738709133,0.705034646819724,0.6852946727823478,7.621913210589e-08;8.158971507690e-08;9.689960802758e-08,8.475255073554343e-16,3.5801779369243805e-15,37.91230000691544,
True,"[[0, 1, 2]]",0.8955,1.0,0.013,0.0725,1.5,0.15,0.03,1000000.0,28.768451721856565,10.4621862037692,46.48676227835708,0.18158656195094616,0.7131585825251127,0.67707544386834,7.616033786922e-08;8.158872365892e-08;9.734308440843e-08,8.563227639376094e-16,3.675279017793054e-15,34.06491389764397,
True,"[[0, 1, 2]]",0.8955,1.0,0.013,0.075,1.5,0.15,0.03,1000000.0,29.134411250419713,10.780831322532338,45.77346491715769,0.18705267348619942,0.7039398022359994,0.6851861441750768,7.612020761441e-08;8.142058924945e-08;9.738498686712e-08,8.350263464663634e-16,3.6895496598482045e-15,33.06157113063409,
True,"[[0, 1, 2]]",0.8955,1.0,0.013,0.0775,1.5,0.15,0.03,1000000.0,30.820259886609303,10.882685128261036,45.46306722321118,0.1887986849428315,0.6999793943093824,0.6887553296389286,7.601487797322e-08;8.110874738400e-08;9.773732536649e-08,8.003672289186876e-16,3.774323096511325e-15,22.501444490201862,
True,"[[0, 1, 2]]",0.8955,1.0,0.013,0.08,1.5,0.15,0.03,1000000.0,31.336725672417003,10.934411570243705,45.93896617095553,0.18968516854064327,0.7055532166400407,0.6827987956378521,7.594707689741e-08;8.108432871081e-08;9.801885789532e-08,8.06709873221013e-16,3.839738013841299e-15,21.487190558925008,
True,"[[0, 1, 2]]",0.8955,1.0,0.013,0.0825,1.5,0.15,0.03,1000000.0,32.808739090062964,11.150436056192593,45.34037528467612,0.1933856994607546,0.6978677175256119,0.6896249851039103,7.585102861200e-08;8.078955129607e-08;9.820848690864e-08,7.735730571225659e-16,3.891528359386606e-15,19.979617028219604,
True,"[[0, 1, 2]]",0.8955,1.0,0.013,0.085,1.5,0.15,0.03,1000000.0,34.61818820552044,11.337702719313649,44.688421375466945,0.1965913820974316,0.6895274584864429,0.6970679396430094,7.574017275570e-08;8.046852606616e-08;9.845115976308e-08,7.386099181978327e-16,3.956057089633611e-15,24.06611228134707,
